runNumber,timeToCrossFirst3M,timeToCrossSecond3M,timeToCrossThird3M
0,14.76015,18.92024,13.28011
1,15.00015,19.00024,12.6801
2,14.86015,66.60084,17.70021
3,18.22023,41.26075,12.26009
4,14.50014,43.06079,11.56007
runNumber,timeToCrossFirst3M,timeToCrossSecond3M,timeToCrossThird3M
0,14.76015,18.92024,13.28011
1,15.00015,19.00024,12.6801
2,14.86015,66.60084,17.70021
3,18.22023,41.26075,12.26009
4,14.50014,43.06079,11.56007
