runNumber,timeToCrossFirst3M,timeToCrossSecond3M,timeToCrossThird3M
0,15.46016,19.56026,13.02011
1,29.74049,19.44025,11.98008
2,38.7807,41.56076,13.48012
3,16.9602,41.92077,14.54014
4,17.58021,42.02077,13.52012
