runNumber,timeToCrossFirst3M,timeToCrossSecond3M,timeToCrossThird3M
0,15.42016,21.08029,12.36009
1,15.90017,20.20027,12.04009
2,14.86015,38.9407,12.5801
